{
  "data": {
    "isScaledUiToken": false,
    "value": 73.63169849364559,
    "updateUnixTime": 1782126180,
    "updateHumanTime": "2026-06-22T11:03:00",
    "priceChange24h": -0.2784915413939828,
    "priceInNative": 1
  },
  "success": true
}
